Crop,Crop_Year,Season,State,Area,Production,Annual_Rainfall,Fertilizer,Pesticide,Yield
Arhar/Tur,2000,Kharif     ,Uttarakhand,1890.0,981.0,1413.4,185541.3,491.4,0.52
Bajra,2000,Kharif     ,Uttarakhand,11.0,15.0,1413.4,1079.87,2.86,1.36
Barley,2000,Rabi       ,Uttarakhand,25797.0,25064.0,1413.4,2532491.49,6707.22,0.97
Garlic,2000,Whole Year ,Uttarakhand,2062.0,16274.0,1413.4,202426.54,536.12,7.89
Gram,2000,Rabi       ,Uttarakhand,993.0,683.0,1413.4,97482.81,258.18,0.69
Groundnut,2000,Kharif     ,Uttarakhand,1750.0,1481.0,1413.4,171797.5,455.0,0.85
Horse-gram,2000,Kharif     ,Uttarakhand,9223.0,4787.0,1413.4,905421.91,2397.98,0.52
Linseed,2000,Rabi       ,Uttarakhand,17.0,5.0,1413.4,1668.89,4.42,0.29
Maize,2000,Kharif     ,Uttarakhand,33467.0,48302.0,1413.4,3285455.39,8701.42,1.44
Maize,2000,Rabi       ,Uttarakhand,63.0,99.0,1413.4,6184.71,16.38,1.57
Masoor,2000,Rabi       ,Uttarakhand,15290.0,8156.0,1413.4,1501019.3,3975.4,0.53
Moong(Green Gram),2000,Kharif     ,Uttarakhand,45.0,16.0,1413.4,4417.65,11.7,0.36
Moong(Green Gram),2000,Rabi       ,Uttarakhand,110.0,31.0,1413.4,10798.7,28.6,0.28
Moth,2000,Kharif     ,Uttarakhand,44.0,17.0,1413.4,4319.48,11.44,0.39
Onion,2000,Whole Year ,Uttarakhand,1781.0,11027.0,1413.4,174840.77,463.06,6.19
Other  Rabi pulses,2000,Rabi       ,Uttarakhand,127.0,54.0,1413.4,12467.59,33.02,0.43
Other Cereals,2000,Kharif     ,Uttarakhand,5596.0,1587.0,1413.4,549359.32,1454.96,0.28
Other Cereals,2000,Rabi       ,Uttarakhand,1307.0,1323.0,1413.4,128308.19,339.82,1.01
Other Kharif pulses,2000,Kharif     ,Uttarakhand,11548.0,6844.0,1413.4,1133667.16,3002.48,0.59
Peas & beans (Pulses),2000,Rabi       ,Uttarakhand,3402.0,2598.0,1413.4,333974.34,884.52,0.76
Potato,2000,Kharif     ,Uttarakhand,6286.0,138309.0,1413.4,617096.62,1634.36,22.0
Potato,2000,Rabi       ,Uttarakhand,6473.0,148125.0,1413.4,635454.41,1682.98,22.88
Ragi,2000,Kharif     ,Uttarakhand,127733.0,162286.0,1413.4,12539548.61,33210.58,1.27
Rapeseed &Mustard,2000,Rabi       ,Uttarakhand,13406.0,8127.0,1413.4,1316067.02,3485.56,0.61
Rice,2000,Kharif     ,Uttarakhand,285545.0,579074.0,1413.4,28031952.65,74241.7,2.03
Rice,2000,Rabi       ,Uttarakhand,3062.0,9578.0,1413.4,300596.54,796.12,3.13
Sesamum,2000,Kharif     ,Uttarakhand,2700.0,442.0,1413.4,265059.0,702.0,0.16
Small millets,2000,Kharif     ,Uttarakhand,73164.0,80384.0,1413.4,7182509.88,19022.64,1.1
Small millets,2000,Rabi       ,Uttarakhand,2.0,3.0,1413.4,196.34,0.52,1.5
Soyabean,2000,Kharif     ,Uttarakhand,6478.0,4382.0,1413.4,635945.26,1684.28,0.68
Sugarcane,2000,Whole Year ,Uttarakhand,116478.0,6831440.0,1413.4,11434645.26,30284.28,58.65
Sunflower,2000,Kharif     ,Uttarakhand,213.0,227.0,1413.4,20910.21,55.38,1.07
Tobacco,2000,Whole Year ,Uttarakhand,102.0,713.0,1413.4,10013.34,26.52,6.99
Turmeric,2000,Whole Year ,Uttarakhand,152.0,39.0,1413.4,14921.84,39.52,0.26
Urad,2000,Kharif     ,Uttarakhand,10160.0,4481.0,1413.4,997407.2,2641.6,0.44
Urad,2000,Rabi       ,Uttarakhand,1018.0,345.0,1413.4,99937.06,264.68,0.34
Wheat,2000,Rabi       ,Uttarakhand,377340.0,711036.0,1413.4,37043467.8,98108.4,1.88
other oilseeds,2000,Rabi       ,Uttarakhand,128.0,88.0,1413.4,12565.76,33.28,0.69
Arhar/Tur,2001,Kharif     ,Uttarakhand,1934.0,1053.0,1541.3,197519.42,502.84,0.54
Bajra,2001,Kharif     ,Uttarakhand,44.0,57.0,1541.3,4493.72,11.44,1.3
Barley,2001,Rabi       ,Uttarakhand,22875.0,25590.0,1541.3,2336223.75,5947.5,1.12
Garlic,2001,Whole Year ,Uttarakhand,2063.0,16832.0,1541.3,210694.19,536.38,8.16
Gram,2001,Rabi       ,Uttarakhand,1259.0,868.0,1541.3,128581.67,327.34,0.69
Groundnut,2001,Kharif     ,Uttarakhand,1136.0,1014.0,1541.3,116019.68,295.36,0.89
Horse-gram,2001,Kharif     ,Uttarakhand,7781.0,3437.0,1541.3,794673.53,2023.06,0.44
Linseed,2001,Rabi       ,Uttarakhand,15.0,6.0,1541.3,1531.95,3.9,0.4
Maize,2001,Kharif     ,Uttarakhand,32938.0,40682.0,1541.3,3363957.94,8563.88,1.24
Maize,2001,Rabi       ,Uttarakhand,125.0,183.0,1541.3,12766.25,32.5,1.46
Masoor,2001,Rabi       ,Uttarakhand,14649.0,7651.0,1541.3,1496102.37,3808.74,0.52
Moong(Green Gram),2001,Kharif     ,Uttarakhand,67.0,32.0,1541.3,6842.71,17.42,0.48
Moong(Green Gram),2001,Rabi       ,Uttarakhand,59.0,16.0,1541.3,6025.67,15.34,0.27
Moth,2001,Kharif     ,Uttarakhand,11.0,4.0,1541.3,1123.43,2.86,0.36
Onion,2001,Whole Year ,Uttarakhand,1642.0,8089.0,1541.3,167697.46,426.92,4.93
Other  Rabi pulses,2001,Rabi       ,Uttarakhand,211.0,93.0,1541.3,21549.43,54.86,0.44
Other Cereals,2001,Kharif     ,Uttarakhand,7411.0,2004.0,1541.3,756885.43,1926.86,0.27
Other Cereals,2001,Rabi       ,Uttarakhand,1213.0,1383.0,1541.3,123883.69,315.38,1.14
Other Kharif pulses,2001,Kharif     ,Uttarakhand,11054.0,6408.0,1541.3,1128945.02,2874.04,0.58
Peas & beans (Pulses),2001,Rabi       ,Uttarakhand,3251.0,2370.0,1541.3,332024.63,845.26,0.73
Potato,2001,Kharif     ,Uttarakhand,7761.0,155501.0,1541.3,792630.93,2017.86,20.04
Potato,2001,Rabi       ,Uttarakhand,5739.0,121724.0,1541.3,586124.07,1492.14,21.21
Ragi,2001,Kharif     ,Uttarakhand,131779.0,161963.0,1541.3,13458589.27,34262.54,1.23
Rapeseed &Mustard,2001,Rabi       ,Uttarakhand,11795.0,7557.0,1541.3,1204623.35,3066.7,0.64
Rice,2001,Kharif     ,Uttarakhand,280816.0,567662.0,1541.3,28679738.08,73012.16,2.02
Rice,2001,Rabi       ,Uttarakhand,3761.0,11855.0,1541.3,384110.93,977.86,3.15
Sesamum,2001,Kharif     ,Uttarakhand,2327.0,400.0,1541.3,237656.51,605.02,0.17
Small millets,2001,Kharif     ,Uttarakhand,74526.0,83951.0,1541.3,7611340.38,19376.76,1.13
Small millets,2001,Rabi       ,Uttarakhand,1.0,1.0,1541.3,102.13,0.26,1.0
Soyabean,2001,Kharif     ,Uttarakhand,9688.0,6176.0,1541.3,989435.44,2518.88,0.64
Sugarcane,2001,Whole Year ,Uttarakhand,118637.0,6958951.0,1541.3,12116396.81,30845.62,58.66
Sunflower,2001,Kharif     ,Uttarakhand,47.0,46.0,1541.3,4800.11,12.22,0.98
Tobacco,2001,Whole Year ,Uttarakhand,126.0,907.0,1541.3,12868.38,32.76,7.2
Turmeric,2001,Whole Year ,Uttarakhand,45.0,97.0,1541.3,4595.85,11.7,2.16
Urad,2001,Kharif     ,Uttarakhand,10685.0,6660.0,1541.3,1091259.05,2778.1,0.62
Urad,2001,Rabi       ,Uttarakhand,992.0,370.0,1541.3,101312.96,257.92,0.37
Wheat,2001,Rabi       ,Uttarakhand,375967.0,721618.0,1541.3,38397509.71,97751.42,1.92
other oilseeds,2001,Rabi       ,Uttarakhand,238.0,126.0,1541.3,24306.94,61.88,0.53
Arhar/Tur,2002,Kharif     ,Uttarakhand,1793.0,860.0,1610.3,169743.31,448.25,0.48
Bajra,2002,Kharif     ,Uttarakhand,4.0,5.0,1610.3,378.68,1.0,1.25
Barley,2002,Rabi       ,Uttarakhand,25664.0,31566.0,1610.3,2429610.88,6416.0,1.23
Garlic,2002,Whole Year ,Uttarakhand,2180.0,16513.0,1610.3,206380.6,545.0,7.57
Gram,2002,Rabi       ,Uttarakhand,954.0,577.0,1610.3,90315.18,238.5,0.6
Groundnut,2002,Kharif     ,Uttarakhand,1179.0,920.0,1610.3,111615.93,294.75,0.78
Horse-gram,2002,Kharif     ,Uttarakhand,7589.0,3499.0,1610.3,718450.63,1897.25,0.46
Linseed,2002,Rabi       ,Uttarakhand,37500.0,16195.0,1610.3,3550125.0,9375.0,0.43
Maize,2002,Kharif     ,Uttarakhand,28506.0,32127.0,1610.3,2698663.02,7126.5,1.13
Maize,2002,Rabi       ,Uttarakhand,82.0,127.0,1610.3,7762.94,20.5,1.55
Masoor,2002,Rabi       ,Uttarakhand,14451.0,6437.0,1610.3,1368076.17,3612.75,0.45
Moong(Green Gram),2002,Kharif     ,Uttarakhand,76.0,22.0,1610.3,7194.92,19.0,0.29
Moong(Green Gram),2002,Rabi       ,Uttarakhand,48.0,12.0,1610.3,4544.16,12.0,0.25
Moong(Green Gram),2002,Summer     ,Uttarakhand,34489.0,19967.0,1610.3,3265073.63,8622.25,0.58
Onion,2002,Rabi       ,Uttarakhand,8497.0,87690.0,1610.3,804410.99,2124.25,10.32
Onion,2002,Summer     ,Uttarakhand,11216.0,125394.0,1610.3,1061818.72,2804.0,11.18
Onion,2002,Whole Year ,Uttarakhand,1920.0,8839.0,1610.3,181766.4,480.0,4.6
Other  Rabi pulses,2002,Rabi       ,Uttarakhand,64.0,28.0,1610.3,6058.88,16.0,0.44
Other Cereals,2002,Kharif     ,Uttarakhand,8854.0,2494.0,1610.3,838208.18,2213.5,0.28
Other Cereals,2002,Rabi       ,Uttarakhand,471.0,474.0,1610.3,44589.57,117.75,1.01
Other Kharif pulses,2002,Kharif     ,Uttarakhand,10844.0,6391.0,1610.3,1026601.48,2711.0,0.59
Peas & beans (Pulses),2002,Rabi       ,Uttarakhand,3550.0,2636.0,1610.3,336078.5,887.5,0.74
Potato,2002,Kharif     ,Uttarakhand,7741.0,154194.0,1610.3,732840.47,1935.25,19.92
Potato,2002,Rabi       ,Uttarakhand,6803.0,143706.0,1610.3,644040.01,1700.75,21.12
Ragi,2002,Kharif     ,Uttarakhand,127391.0,129586.0,1610.3,12060105.97,31847.75,1.02
Rapeseed &Mustard,2002,Rabi       ,Uttarakhand,11423.0,6497.0,1610.3,1081415.41,2855.75,0.57
Rice,2002,Kharif     ,Uttarakhand,271219.0,511526.0,1610.3,25676302.73,67804.75,1.89
Rice,2002,Rabi       ,Uttarakhand,4090.0,11649.0,1610.3,387200.3,1022.5,2.85
Sannhamp,2002,Whole Year ,Uttarakhand,4007.0,1262.0,1610.3,379342.69,1001.75,0.31
Sesamum,2002,Kharif     ,Uttarakhand,2152.0,269.0,1610.3,203729.84,538.0,0.12
Small millets,2002,Kharif     ,Uttarakhand,73179.0,62634.0,1610.3,6927855.93,18294.75,0.86
Small millets,2002,Rabi       ,Uttarakhand,1.0,1.0,1610.3,94.67,0.25,1.0
Soyabean,2002,Kharif     ,Uttarakhand,11488.0,7295.0,1610.3,1087568.96,2872.0,0.64
Sugarcane,2002,Whole Year ,Uttarakhand,122453.0,7362658.0,1610.3,11592625.51,30613.25,60.13
Sunflower,2002,Kharif     ,Uttarakhand,238.0,182.0,1610.3,22531.46,59.5,0.76
Tobacco,2002,Whole Year ,Uttarakhand,738.0,2858.0,1610.3,69866.46,184.5,3.87
Turmeric,2002,Whole Year ,Uttarakhand,142.0,295.0,1610.3,13443.14,35.5,2.08
Urad,2002,Kharif     ,Uttarakhand,9805.0,3680.0,1610.3,928239.35,2451.25,0.38
Urad,2002,Rabi       ,Uttarakhand,801.0,360.0,1610.3,75830.67,200.25,0.45
Wheat,2002,Rabi       ,Uttarakhand,374802.0,721653.0,1610.3,35482505.34,93700.5,1.93
other oilseeds,2002,Rabi       ,Uttarakhand,587.0,318.0,1610.3,55571.29,146.75,0.54
Arhar/Tur,2003,Kharif     ,Uttarakhand,1962.0,1453.0,1734.3,194198.76,470.88,0.74
Bajra,2003,Kharif     ,Uttarakhand,3.0,3.0,1734.3,296.94,0.72,1.0
Barley,2003,Rabi       ,Uttarakhand,24940.0,25126.0,1734.3,2468561.2,5985.6,1.01
Garlic,2003,Whole Year ,Uttarakhand,2747.0,17920.0,1734.3,271898.06,659.28,6.52
Gram,2003,Rabi       ,Uttarakhand,766.0,601.0,1734.3,75818.68,183.84,0.78
Groundnut,2003,Kharif     ,Uttarakhand,1273.0,1267.0,1734.3,126001.54,305.52,1.0
Horse-gram,2003,Kharif     ,Uttarakhand,8171.0,6066.0,1734.3,808765.58,1961.04,0.74
Linseed,2003,Rabi       ,Uttarakhand,11.0,4.0,1734.3,1088.78,2.64,0.36
Maize,2003,Kharif     ,Uttarakhand,31209.0,47446.0,1734.3,3089066.82,7490.16,1.52
Maize,2003,Summer     ,Uttarakhand,137.0,224.0,1734.3,13560.26,32.88,1.64
Masoor,2003,Rabi       ,Uttarakhand,11618.0,7168.0,1734.3,1149949.64,2788.32,0.62
Moong(Green Gram),2003,Kharif     ,Uttarakhand,13.0,5.0,1734.3,1286.74,3.12,0.38
Moong(Green Gram),2003,Summer     ,Uttarakhand,39.0,12.0,1734.3,3860.22,9.36,0.31
Moth,2003,Kharif     ,Uttarakhand,2.0,1.0,1734.3,197.96,0.48,0.5
Onion,2003,Whole Year ,Uttarakhand,1719.0,19183.0,1734.3,170146.62,412.56,11.16
Other  Rabi pulses,2003,Rabi       ,Uttarakhand,43.0,22.0,1734.3,4256.14,10.32,0.51
Other Cereals,2003,Kharif     ,Uttarakhand,77717.0,87277.0,1734.3,7692428.66,18652.08,1.12
Other Cereals,2003,Rabi       ,Uttarakhand,660.0,755.0,1734.3,65326.8,158.4,1.14
Other Kharif pulses,2003,Kharif     ,Uttarakhand,12064.0,7776.0,1734.3,1194094.72,2895.36,0.64
Peas & beans (Pulses),2003,Rabi       ,Uttarakhand,4451.0,3386.0,1734.3,440559.98,1068.24,0.76
Potato,2003,Whole Year ,Uttarakhand,16054.0,261765.0,1734.3,1589024.92,3852.96,16.31
Ragi,2003,Kharif     ,Uttarakhand,126421.0,165549.0,1734.3,12513150.58,30341.04,1.31
Rapeseed &Mustard,2003,Rabi       ,Uttarakhand,12545.0,10025.0,1734.3,1241704.1,3010.8,0.8
Rice,2003,Kharif     ,Uttarakhand,271671.0,520831.0,1734.3,26889995.58,65201.04,1.92
Rice,2003,Summer     ,Uttarakhand,5655.0,21126.0,1734.3,559731.9,1357.2,3.74
Sesamum,2003,Kharif     ,Uttarakhand,1857.0,294.0,1734.3,183805.86,445.68,0.16
Soyabean,2003,Kharif     ,Uttarakhand,13998.0,15045.0,1734.3,1385522.04,3359.52,1.07
Sugarcane,2003,Whole Year ,Uttarakhand,116877.0,7023220.0,1734.3,11568485.46,28050.48,60.09
Sunflower,2003,Kharif     ,Uttarakhand,262.0,301.0,1734.3,25932.76,62.88,1.15
Tobacco,2003,Whole Year ,Uttarakhand,23.0,78.0,1734.3,2276.54,5.52,3.39
Urad,2003,Kharif     ,Uttarakhand,10774.0,3905.0,1734.3,1066410.52,2585.76,0.36
Urad,2003,Summer     ,Uttarakhand,645.0,233.0,1734.3,63842.1,154.8,0.36
Wheat,2003,Rabi       ,Uttarakhand,383387.0,729653.0,1734.3,37947645.26,92012.88,1.9
other oilseeds,2003,Kharif     ,Uttarakhand,411.0,294.0,1734.3,40680.78,98.64,0.72
other oilseeds,2003,Rabi       ,Uttarakhand,87.0,29.0,1734.3,8611.26,20.88,0.33
Arhar/Tur,2004,Kharif     ,Uttarakhand,1833.0,1182.0,1219.6,198587.22,384.93,0.64
Barley,2004,Rabi       ,Uttarakhand,24180.0,33514.0,1219.6,2619661.2,5077.8,1.39
Garlic,2004,Whole Year ,Uttarakhand,1849.0,16770.0,1219.6,200320.66,388.29,9.07
Gram,2004,Rabi       ,Uttarakhand,823.0,639.0,1219.6,89163.82,172.83,0.78
Groundnut,2004,Kharif     ,Uttarakhand,1624.0,2005.0,1219.6,175944.16,341.04,1.23
Horse-gram,2004,Kharif     ,Uttarakhand,8575.0,6134.0,1219.6,929015.5,1800.75,0.72
Linseed,2004,Rabi       ,Uttarakhand,21.0,7.0,1219.6,2275.14,4.41,0.33
Maize,2004,Kharif     ,Uttarakhand,29501.0,44967.0,1219.6,3196138.34,6195.21,1.52
Maize,2004,Summer     ,Uttarakhand,74.0,147.0,1219.6,8017.16,15.54,1.99
Masoor,2004,Rabi       ,Uttarakhand,11803.0,7001.0,1219.6,1278737.02,2478.63,0.59
Moong(Green Gram),2004,Kharif     ,Uttarakhand,4.0,1.0,1219.6,433.36,0.84,0.25
Moong(Green Gram),2004,Summer     ,Uttarakhand,16.0,6.0,1219.6,1733.44,3.36,0.38
Moth,2004,Kharif     ,Uttarakhand,4.0,1.0,1219.6,433.36,0.84,0.25
Onion,2004,Whole Year ,Uttarakhand,2045.0,17694.0,1219.6,221555.3,429.45,8.65
Other  Rabi pulses,2004,Rabi       ,Uttarakhand,756.0,364.0,1219.6,81905.04,158.76,0.48
Other Cereals,2004,Kharif     ,Uttarakhand,75993.0,88540.0,1219.6,8233081.62,15958.53,1.17
Other Cereals,2004,Rabi       ,Uttarakhand,512.0,806.0,1219.6,55470.08,107.52,1.57
Other Kharif pulses,2004,Kharif     ,Uttarakhand,14316.0,9918.0,1219.6,1550995.44,3006.36,0.69
Peas & beans (Pulses),2004,Rabi       ,Uttarakhand,3852.0,2987.0,1219.6,417325.68,808.92,0.78
Potato,2004,Whole Year ,Uttarakhand,14104.0,180857.0,1219.6,1528027.36,2961.84,12.82
Ragi,2004,Kharif     ,Uttarakhand,131003.0,164096.0,1219.6,14192865.02,27510.63,1.25
Rapeseed &Mustard,2004,Rabi       ,Uttarakhand,14790.0,9600.0,1219.6,1602348.6,3105.9,0.65
Rice,2004,Kharif     ,Uttarakhand,281464.0,537876.0,1219.6,30493809.76,59107.44,1.91
Rice,2004,Summer     ,Uttarakhand,7511.0,22367.0,1219.6,813741.74,1577.31,2.98
Sesamum,2004,Kharif     ,Uttarakhand,2035.0,468.0,1219.6,220471.9,427.35,0.23
Soyabean,2004,Kharif     ,Uttarakhand,13347.0,17768.0,1219.6,1446013.98,2802.87,1.33
Sugarcane,2004,Whole Year ,Uttarakhand,106267.0,6358655.0,1219.6,11512966.78,22316.07,59.84
Sunflower,2004,Kharif     ,Uttarakhand,206.0,246.0,1219.6,22318.04,43.26,1.19
Tobacco,2004,Whole Year ,Uttarakhand,31.0,117.0,1219.6,3358.54,6.51,3.77
Urad,2004,Kharif     ,Uttarakhand,11212.0,4937.0,1219.6,1214708.08,2354.52,0.44
Urad,2004,Summer     ,Uttarakhand,25.0,11.0,1219.6,2708.5,5.25,0.44
Wheat,2004,Rabi       ,Uttarakhand,387103.0,799221.0,1219.6,41938739.02,81291.63,2.06
other oilseeds,2004,Kharif     ,Uttarakhand,257.0,170.0,1219.6,27843.38,53.97,0.66
other oilseeds,2004,Rabi       ,Uttarakhand,121.0,69.0,1219.6,13109.14,25.41,0.57
Arhar/Tur,2005,Kharif     ,Uttarakhand,1612.0,880.0,1353.3,193311.04,338.52,0.55
Barley,2005,Rabi       ,Uttarakhand,23420.0,16754.0,1353.3,2808526.4,4918.2,0.72
Garlic,2005,Whole Year ,Uttarakhand,2222.0,20330.0,1353.3,266462.24,466.62,9.15
Gram,2005,Rabi       ,Uttarakhand,904.0,631.0,1353.3,108407.68,189.84,0.7
Groundnut,2005,Kharif     ,Uttarakhand,1692.0,1645.0,1353.3,202904.64,355.32,0.97
Horse-gram,2005,Kharif     ,Uttarakhand,8571.0,5116.0,1353.3,1027834.32,1799.91,0.6
Jowar,2005,Kharif     ,Uttarakhand,3.0,2.0,1353.3,359.76,0.63,0.67
Linseed,2005,Rabi       ,Uttarakhand,14.0,5.0,1353.3,1678.88,2.94,0.36
Maize,2005,Kharif     ,Uttarakhand,31372.0,39735.0,1353.3,3762130.24,6588.12,1.27
Maize,2005,Summer     ,Uttarakhand,89.0,182.0,1353.3,10672.88,18.69,2.04
Masoor,2005,Rabi       ,Uttarakhand,12972.0,6422.0,1353.3,1555602.24,2724.12,0.5
Moong(Green Gram),2005,Kharif     ,Uttarakhand,1.0,0.0,1353.3,119.92,0.21,0.0
Moong(Green Gram),2005,Summer     ,Uttarakhand,15.0,7.0,1353.3,1798.8,3.15,0.47
Moth,2005,Kharif     ,Uttarakhand,9.0,3.0,1353.3,1079.28,1.89,0.33
Onion,2005,Whole Year ,Uttarakhand,1996.0,26694.0,1353.3,239360.32,419.16,13.37
Other  Rabi pulses,2005,Rabi       ,Uttarakhand,30.0,17.0,1353.3,3597.6,6.3,0.57
Other Cereals,2005,Kharif     ,Uttarakhand,75076.0,80387.0,1353.3,9003113.92,15765.96,1.07
Other Cereals,2005,Rabi       ,Uttarakhand,661.0,675.0,1353.3,79267.12,138.81,1.02
Other Kharif pulses,2005,Kharif     ,Uttarakhand,12440.0,7235.0,1353.3,1491804.8,2612.4,0.58
Peas & beans (Pulses),2005,Rabi       ,Uttarakhand,3837.0,2628.0,1353.3,460133.04,805.77,0.68
Potato,2005,Whole Year ,Uttarakhand,15736.0,243492.0,1353.3,1887061.12,3304.56,15.47
Ragi,2005,Kharif     ,Uttarakhand,124379.0,156720.0,1353.3,14915529.68,26119.59,1.26
Rapeseed &Mustard,2005,Rabi       ,Uttarakhand,15639.0,10070.0,1353.3,1875428.88,3284.19,0.64
Rice,2005,Kharif     ,Uttarakhand,275459.0,526520.0,1353.3,33033043.28,57846.39,1.91
Rice,2005,Summer     ,Uttarakhand,8971.0,42646.0,1353.3,1075802.32,1883.91,4.75
Sesamum,2005,Kharif     ,Uttarakhand,2164.0,547.0,1353.3,259506.88,454.44,0.25
Soyabean,2005,Kharif     ,Uttarakhand,12885.0,15860.0,1353.3,1545169.2,2705.85,1.23
Sugarcane,2005,Whole Year ,Uttarakhand,107748.0,6635715.0,1353.3,12921140.16,22627.08,61.59
Sunflower,2005,Kharif     ,Uttarakhand,119.0,142.0,1353.3,14270.48,24.99,1.19
Tobacco,2005,Whole Year ,Uttarakhand,26.0,97.0,1353.3,3117.92,5.46,3.73
Urad,2005,Kharif     ,Uttarakhand,10688.0,5771.0,1353.3,1281704.96,2244.48,0.54
Urad,2005,Summer     ,Uttarakhand,399.0,101.0,1353.3,47848.08,83.79,0.25
Wheat,2005,Rabi       ,Uttarakhand,379237.0,642216.0,1353.3,45478101.04,79639.77,1.69
other oilseeds,2005,Kharif     ,Uttarakhand,1306.0,609.0,1353.3,156615.52,274.26,0.47
other oilseeds,2005,Rabi       ,Uttarakhand,184.0,156.0,1353.3,22065.28,38.64,0.85
Arhar/Tur,2006,Kharif     ,Uttarakhand,1827.0,995.0,1178.9,233326.17,401.94,0.54
Bajra,2006,Kharif     ,Uttarakhand,11.0,13.0,1178.9,1404.81,2.42,1.18
Barley,2006,Rabi       ,Uttarakhand,24080.0,27699.0,1178.9,3075256.8,5297.6,1.15
Garlic,2006,Whole Year ,Uttarakhand,2382.0,16735.0,1178.9,304205.22,524.04,7.03
Gram,2006,Rabi       ,Uttarakhand,877.0,674.0,1178.9,112001.67,192.94,0.77
Groundnut,2006,Kharif     ,Uttarakhand,1749.0,1888.0,1178.9,223364.79,384.78,1.08
Horse-gram,2006,Kharif     ,Uttarakhand,9523.0,6745.0,1178.9,1216182.33,2095.06,0.71
Linseed,2006,Rabi       ,Uttarakhand,40.0,15.0,1178.9,5108.4,8.8,0.38
Maize,2006,Kharif     ,Uttarakhand,27163.0,35850.0,1178.9,3468986.73,5975.86,1.32
Maize,2006,Rabi       ,Uttarakhand,81.0,131.0,1178.9,10344.51,17.82,1.62
Masoor,2006,Rabi       ,Uttarakhand,12677.0,5846.0,1178.9,1618979.67,2788.94,0.46
Moong(Green Gram),2006,Kharif     ,Uttarakhand,2.0,2.0,1178.9,255.42,0.44,1.0
Moong(Green Gram),2006,Rabi       ,Uttarakhand,30.0,13.0,1178.9,3831.3,6.6,0.43
Moth,2006,Kharif     ,Uttarakhand,10.0,3.0,1178.9,1277.1,2.2,0.3
Onion,2006,Whole Year ,Uttarakhand,2116.0,11886.0,1178.9,270234.36,465.52,5.62
Other  Rabi pulses,2006,Rabi       ,Uttarakhand,50.0,18.0,1178.9,6385.5,11.0,0.36
Other Cereals,2006,Kharif     ,Uttarakhand,4615.0,1971.0,1178.9,589381.65,1015.3,0.43
Other Cereals,2006,Rabi       ,Uttarakhand,682.0,407.0,1178.9,87098.22,150.04,0.6
Other Kharif pulses,2006,Kharif     ,Uttarakhand,12863.0,7757.0,1178.9,1642733.73,2829.86,0.6
Peas & beans (Pulses),2006,Rabi       ,Uttarakhand,5003.0,4902.0,1178.9,638933.13,1100.66,0.98
Potato,2006,Kharif     ,Uttarakhand,8274.0,83792.0,1178.9,1056672.54,1820.28,10.13
Potato,2006,Rabi       ,Uttarakhand,7099.0,77930.0,1178.9,906613.29,1561.78,10.98
Ragi,2006,Kharif     ,Uttarakhand,125640.0,171181.0,1178.9,16045484.4,27640.8,1.36
Rapeseed &Mustard,2006,Rabi       ,Uttarakhand,13480.0,7582.0,1178.9,1721530.8,2965.6,0.56
Rice,2006,Kharif     ,Uttarakhand,273662.0,540128.0,1178.9,34949374.02,60205.64,1.97
Rice,2006,Rabi       ,Uttarakhand,9923.0,31208.0,1178.9,1267266.33,2183.06,3.15
Sesamum,2006,Kharif     ,Uttarakhand,1799.0,431.0,1178.9,229750.29,395.78,0.24
Small millets,2006,Kharif     ,Uttarakhand,71050.0,84239.0,1178.9,9073795.5,15631.0,1.19
Soyabean,2006,Kharif     ,Uttarakhand,9327.0,12329.0,1178.9,1191151.17,2051.94,1.32
Sugarcane,2006,Whole Year ,Uttarakhand,118869.0,7267238.0,1178.9,15180759.99,26151.18,61.14
Sunflower,2006,Kharif     ,Uttarakhand,47.0,57.0,1178.9,6002.37,10.34,1.21
Tobacco,2006,Whole Year ,Uttarakhand,13.0,44.0,1178.9,1660.23,2.86,3.38
Turmeric,2006,Whole Year ,Uttarakhand,207.0,475.0,1178.9,26435.97,45.54,2.29
Urad,2006,Kharif     ,Uttarakhand,10941.0,7023.0,1178.9,1397275.11,2407.02,0.64
Urad,2006,Rabi       ,Uttarakhand,335.0,211.0,1178.9,42782.85,73.7,0.63
Wheat,2006,Rabi       ,Uttarakhand,377870.0,796548.0,1178.9,48257777.7,83131.4,2.11
other oilseeds,2006,Kharif     ,Uttarakhand,831.0,451.0,1178.9,106127.01,182.82,0.54
other oilseeds,2006,Rabi       ,Uttarakhand,1035.0,540.0,1178.9,132179.85,227.7,0.52
Arhar/Tur,2007,Kharif     ,Uttarakhand,2932.0,2221.0,1924.3,391128.8,469.12,0.76
Bajra,2007,Kharif     ,Uttarakhand,42.0,40.0,1924.3,5602.8,6.72,0.95
Barley,2007,Rabi       ,Uttarakhand,24704.0,25856.0,1924.3,3295513.6,3952.64,1.05
Dry chillies,2007,Kharif     ,Uttarakhand,5671.0,2000.0,1924.3,756511.4,907.36,0.35
Garlic,2007,Whole Year ,Uttarakhand,2468.0,17100.0,1924.3,329231.2,394.88,6.93
Gram,2007,Rabi       ,Uttarakhand,756.0,519.0,1924.3,100850.4,120.96,0.69
Groundnut,2007,Kharif     ,Uttarakhand,1546.0,1318.0,1924.3,206236.4,247.36,0.85
Horse-gram,2007,Kharif     ,Uttarakhand,9001.0,7005.0,1924.3,1200733.4,1440.16,0.78
Maize,2007,Kharif     ,Uttarakhand,28000.0,43659.0,1924.3,3735200.0,4480.0,1.56
Maize,2007,Summer     ,Uttarakhand,82.0,133.0,1924.3,10938.8,13.12,1.62
Masoor,2007,Rabi       ,Uttarakhand,10873.0,4950.0,1924.3,1450458.2,1739.68,0.46
Moong(Green Gram),2007,Kharif     ,Uttarakhand,8.0,3.0,1924.3,1067.2,1.28,0.38
Moong(Green Gram),2007,Summer     ,Uttarakhand,14.0,6.0,1924.3,1867.6,2.24,0.43
Moth,2007,Kharif     ,Uttarakhand,8.0,3.0,1924.3,1067.2,1.28,0.38
Onion,2007,Whole Year ,Uttarakhand,1976.0,10098.0,1924.3,263598.4,316.16,5.11
Other  Rabi pulses,2007,Rabi       ,Uttarakhand,93.0,41.0,1924.3,12406.2,14.88,0.44
Other Cereals,2007,Kharif     ,Uttarakhand,70087.0,81412.0,1924.3,9349605.8,11213.92,1.16
Other Cereals,2007,Rabi       ,Uttarakhand,865.0,623.0,1924.3,115391.0,138.4,0.72
Other Kharif pulses,2007,Kharif     ,Uttarakhand,11920.0,9140.0,1924.3,1590128.0,1907.2,0.77
Peas & beans (Pulses),2007,Rabi       ,Uttarakhand,3903.0,3518.0,1924.3,520660.2,624.48,0.9
Potato,2007,Kharif     ,Uttarakhand,7539.0,72247.0,1924.3,1005702.6,1206.24,9.58
Potato,2007,Rabi       ,Uttarakhand,6693.0,53843.0,1924.3,892846.2,1070.88,8.04
Ragi,2007,Kharif     ,Uttarakhand,122498.0,172157.0,1924.3,16341233.2,19599.68,1.41
Rapeseed &Mustard,2007,Rabi       ,Uttarakhand,12026.0,7704.0,1924.3,1604268.4,1924.16,0.64
Rice,2007,Kharif     ,Uttarakhand,259805.0,523203.0,1924.3,34657987.0,41568.8,2.01
Rice,2007,Summer     ,Uttarakhand,12364.0,41864.0,1924.3,1649357.6,1978.24,3.39
Sesamum,2007,Kharif     ,Uttarakhand,1961.0,445.0,1924.3,261597.4,313.76,0.23
Soyabean,2007,Kharif     ,Uttarakhand,9863.0,13234.0,1924.3,1315724.2,1578.08,1.34
Sugarcane,2007,Whole Year ,Uttarakhand,122533.0,7594553.0,1924.3,16345902.2,19605.28,61.98
Sunflower,2007,Kharif     ,Uttarakhand,45.0,43.0,1924.3,6003.0,7.2,0.96
Tobacco,2007,Whole Year ,Uttarakhand,12.0,36.0,1924.3,1600.8,1.92,3.0
Turmeric,2007,Whole Year ,Uttarakhand,223.0,403.0,1924.3,29748.2,35.68,1.81
Urad,2007,Kharif     ,Uttarakhand,11409.0,8776.0,1924.3,1521960.6,1825.44,0.77
Urad,2007,Summer     ,Uttarakhand,298.0,134.0,1924.3,39753.2,47.68,0.45
Wheat,2007,Rabi       ,Uttarakhand,372919.0,798233.0,1924.3,49747394.6,59667.04,2.14
other oilseeds,2007,Kharif     ,Uttarakhand,150.0,79.0,1924.3,20010.0,24.0,0.53
other oilseeds,2007,Rabi       ,Uttarakhand,1184.0,348.0,1924.3,157945.6,189.44,0.29
Arhar/Tur,2008,Kharif     ,Uttarakhand,2383.0,1710.0,1363.7,340864.32,214.47,0.72
Bajra,2008,Kharif     ,Uttarakhand,20.0,19.0,1363.7,2860.8,1.8,0.95
Barley,2008,Rabi       ,Uttarakhand,22596.0,19351.0,1363.7,3232131.84,2033.64,0.86
Garlic,2008,Whole Year ,Uttarakhand,2972.0,27121.0,1363.7,425114.88,267.48,9.13
Gram,2008,Rabi       ,Uttarakhand,683.0,326.0,1363.7,97696.32,61.47,0.48
Groundnut,2008,Kharif     ,Uttarakhand,1355.0,1795.0,1363.7,193819.2,121.95,1.32
Horse-gram,2008,Kharif     ,Uttarakhand,9531.0,7419.0,1363.7,1363314.24,857.79,0.78
Maize,2008,Kharif     ,Uttarakhand,26780.0,36287.0,1363.7,3830611.2,2410.2,1.36
Maize,2008,Summer     ,Uttarakhand,92.0,150.0,1363.7,13159.68,8.28,1.63
Masoor,2008,Rabi       ,Uttarakhand,10987.0,3992.0,1363.7,1571580.48,988.83,0.36
Moong(Green Gram),2008,Kharif     ,Uttarakhand,56.0,25.0,1363.7,8010.24,5.04,0.45
Moth,2008,Kharif     ,Uttarakhand,343.0,120.0,1363.7,49062.72,30.87,0.35
Onion,2008,Whole Year ,Uttarakhand,1869.0,7920.0,1363.7,267341.76,168.21,4.24
Other  Rabi pulses,2008,Rabi       ,Uttarakhand,201.0,90.0,1363.7,28751.04,18.09,0.45
Other Cereals,2008,Kharif     ,Uttarakhand,70562.0,83401.0,1363.7,10093188.48,6350.58,1.18
Other Cereals,2008,Rabi       ,Uttarakhand,998.0,789.0,1363.7,142753.92,89.82,0.79
Other Kharif pulses,2008,Kharif     ,Uttarakhand,11120.0,8532.0,1363.7,1590604.8,1000.8,0.77
Peas & beans (Pulses),2008,Rabi       ,Uttarakhand,3516.0,1504.0,1363.7,502928.64,316.44,0.43
Potato,2008,Kharif     ,Uttarakhand,7723.0,72666.0,1363.7,1104697.92,695.07,9.41
Potato,2008,Rabi       ,Uttarakhand,6266.0,67396.0,1363.7,896288.64,563.94,10.76
Ragi,2008,Kharif     ,Uttarakhand,120707.0,173627.0,1363.7,17265929.28,10863.63,1.44
Rapeseed &Mustard,2008,Rabi       ,Uttarakhand,12051.0,7906.0,1363.7,1723775.04,1084.59,0.66
Rice,2008,Kharif     ,Uttarakhand,275711.0,528524.0,1363.7,39437701.44,24813.99,1.92
Rice,2008,Summer     ,Uttarakhand,12654.0,39797.0,1363.7,1810028.16,1138.86,3.15
Sesamum,2008,Kharif     ,Uttarakhand,2228.0,478.0,1363.7,318693.12,200.52,0.21
Soyabean,2008,Kharif     ,Uttarakhand,8328.0,10133.0,1363.7,1191237.12,749.52,1.22
Sugarcane,2008,Whole Year ,Uttarakhand,107907.0,5683369.0,1363.7,15435017.28,9711.63,52.67
Sunflower,2008,Kharif     ,Uttarakhand,37.0,35.0,1363.7,5292.48,3.33,0.95
Tobacco,2008,Whole Year ,Uttarakhand,11.0,39.0,1363.7,1573.44,0.99,3.55
Turmeric,2008,Whole Year ,Uttarakhand,215.0,433.0,1363.7,30753.6,19.35,2.01
Urad,2008,Kharif     ,Uttarakhand,12152.0,8916.0,1363.7,1738222.08,1093.68,0.73
Urad,2008,Summer     ,Uttarakhand,203.0,129.0,1363.7,29037.12,18.27,0.64
Wheat,2008,Rabi       ,Uttarakhand,379081.0,770934.0,1363.7,54223746.24,34117.29,2.03
other oilseeds,2008,Kharif     ,Uttarakhand,420.0,215.0,1363.7,60076.8,37.8,0.51
other oilseeds,2008,Rabi       ,Uttarakhand,853.0,634.0,1363.7,122013.12,76.77,0.74
Arhar/Tur,2009,Kharif     ,Uttarakhand,1931.0,1320.0,847.8,300888.42,328.27,0.68
Bajra,2009,Kharif     ,Uttarakhand,1.0,1.0,847.8,155.82,0.17,1.0
Barley,2009,Rabi       ,Uttarakhand,22206.0,24831.0,847.8,3460138.92,3775.02,1.12
Garlic,2009,Whole Year ,Uttarakhand,2835.0,20716.0,847.8,441749.7,481.95,7.31
Gram,2009,Rabi       ,Uttarakhand,528.0,381.0,847.8,82272.96,89.76,0.72
Groundnut,2009,Kharif     ,Uttarakhand,1369.0,1901.0,847.8,213317.58,232.73,1.39
Horse-gram,2009,Kharif     ,Uttarakhand,9538.0,5909.0,847.8,1486211.16,1621.46,0.62
Maize,2009,Kharif     ,Uttarakhand,26103.0,36088.0,847.8,4067369.46,4437.51,1.38
Maize,2009,Rabi       ,Uttarakhand,63.0,103.0,847.8,9816.66,10.71,1.63
Masoor,2009,Rabi       ,Uttarakhand,10792.0,6222.0,847.8,1681609.44,1834.64,0.58
Moong(Green Gram),2009,Kharif     ,Uttarakhand,8.0,6.0,847.8,1246.56,1.36,0.75
Moong(Green Gram),2009,Rabi       ,Uttarakhand,8.0,6.0,847.8,1246.56,1.36,0.75
Moth,2009,Kharif     ,Uttarakhand,18.0,7.0,847.8,2804.76,3.06,0.39
Onion,2009,Whole Year ,Uttarakhand,2158.0,9211.0,847.8,336259.56,366.86,4.27
Other  Rabi pulses,2009,Rabi       ,Uttarakhand,164.0,121.0,847.8,25554.48,27.88,0.74
Other Cereals,2009,Kharif     ,Uttarakhand,3767.0,1460.0,847.8,586973.94,640.39,0.39
Other Cereals,2009,Rabi       ,Uttarakhand,298.0,288.0,847.8,46434.36,50.66,0.97
Other Kharif pulses,2009,Kharif     ,Uttarakhand,11255.0,9662.0,847.8,1753754.1,1913.35,0.86
Peas & beans (Pulses),2009,Rabi       ,Uttarakhand,5504.0,5502.0,847.8,857633.28,935.68,1.0
Potato,2009,Kharif     ,Uttarakhand,10187.0,104530.0,847.8,1587338.34,1731.79,10.26
Potato,2009,Rabi       ,Uttarakhand,5873.0,70526.0,847.8,915130.86,998.41,12.01
Ragi,2009,Kharif     ,Uttarakhand,116162.0,142978.0,847.8,18100362.84,19747.54,1.23
Rapeseed &Mustard,2009,Rabi       ,Uttarakhand,13160.0,11013.0,847.8,2050591.2,2237.2,0.84
Rice,2009,Kharif     ,Uttarakhand,270608.0,551716.0,847.8,42166138.56,46003.36,2.04
Rice,2009,Rabi       ,Uttarakhand,13775.0,39300.0,847.8,2146420.5,2341.75,2.85
Sesamum,2009,Kharif     ,Uttarakhand,1959.0,400.0,847.8,305251.38,333.03,0.2
Small millets,2009,Kharif     ,Uttarakhand,63911.0,64574.0,847.8,9958612.02,10864.87,1.01
Soyabean,2009,Kharif     ,Uttarakhand,8270.0,13660.0,847.8,1288631.4,1405.9,1.65
Sugarcane,2009,Whole Year ,Uttarakhand,99988.0,6088488.0,847.8,15580130.16,16997.96,60.89
Sunflower,2009,Kharif     ,Uttarakhand,5.0,6.0,847.8,779.1,0.85,1.2
Tobacco,2009,Whole Year ,Uttarakhand,11.0,7.0,847.8,1714.02,1.87,0.64
Turmeric,2009,Whole Year ,Uttarakhand,155.0,149.0,847.8,24152.1,26.35,0.96
Urad,2009,Kharif     ,Uttarakhand,10731.0,7705.0,847.8,1672104.42,1824.27,0.72
Urad,2009,Rabi       ,Uttarakhand,207.0,113.0,847.8,32254.74,35.19,0.55
Wheat,2009,Rabi       ,Uttarakhand,372846.0,829319.0,847.8,58096863.72,63383.82,2.22
other oilseeds,2009,Kharif     ,Uttarakhand,598.0,438.0,847.8,93180.36,101.66,0.73
other oilseeds,2009,Rabi       ,Uttarakhand,860.0,273.0,847.8,134005.2,146.2,0.32
Arhar/Tur,2010,Kharif     ,Uttarakhand,1963.0,1343.0,1419.0,326073.93,471.12,0.68
Barley,2010,Rabi       ,Uttarakhand,22032.0,27673.0,1419.0,3659735.52,5287.68,1.26
Garlic,2010,Whole Year ,Uttarakhand,3000.0,19767.0,1419.0,498330.0,720.0,6.59
Gram,2010,Rabi       ,Uttarakhand,728.0,568.0,1419.0,120928.08,174.72,0.78
Groundnut,2010,Kharif     ,Uttarakhand,1330.0,1449.0,1419.0,220926.3,319.2,1.09
Horse-gram,2010,Kharif     ,Uttarakhand,9690.0,8179.0,1419.0,1609605.9,2325.6,0.84
Maize,2010,Kharif     ,Uttarakhand,26193.0,40494.0,1419.0,4350919.23,6286.32,1.55
Maize,2010,Rabi       ,Uttarakhand,64.0,130.0,1419.0,10631.04,15.36,2.03
Masoor,2010,Rabi       ,Uttarakhand,11027.0,8236.0,1419.0,1831694.97,2646.48,0.75
Moong(Green Gram),2010,Kharif     ,Uttarakhand,102.0,54.0,1419.0,16943.22,24.48,0.53
Moong(Green Gram),2010,Rabi       ,Uttarakhand,16.0,9.0,1419.0,2657.76,3.84,0.56
Moth,2010,Kharif     ,Uttarakhand,22.0,9.0,1419.0,3654.42,5.28,0.41
Onion,2010,Whole Year ,Uttarakhand,2230.0,11814.0,1419.0,370425.3,535.2,5.3
Other  Rabi pulses,2010,Rabi       ,Uttarakhand,33.0,19.0,1419.0,5481.63,7.92,0.58
Other Cereals,2010,Kharif     ,Uttarakhand,69860.0,81040.0,1419.0,11604444.6,16766.4,1.16
Other Cereals,2010,Rabi       ,Uttarakhand,317.0,370.0,1419.0,52656.87,76.08,1.17
Other Kharif pulses,2010,Kharif     ,Uttarakhand,13019.0,12300.0,1419.0,2162586.09,3124.56,0.94
Peas & beans (Pulses),2010,Rabi       ,Uttarakhand,6636.0,6785.0,1419.0,1102305.96,1592.64,1.02
Potato,2010,Kharif     ,Uttarakhand,7578.0,72287.0,1419.0,1258781.58,1818.72,9.54
Potato,2010,Rabi       ,Uttarakhand,4793.0,60822.0,1419.0,796165.23,1150.32,12.69
Ragi,2010,Kharif     ,Uttarakhand,119207.0,159286.0,1419.0,19801474.77,28609.68,1.34
Rapeseed &Mustard,2010,Rabi       ,Uttarakhand,12663.0,10288.0,1419.0,2103450.93,3039.12,0.81
Rice,2010,Kharif     ,Uttarakhand,270416.0,495083.0,1419.0,44918801.76,64899.84,1.83
Rice,2010,Rabi       ,Uttarakhand,15277.0,50503.0,1419.0,2537662.47,3666.48,3.31
Sesamum,2010,Kharif     ,Uttarakhand,1887.0,409.0,1419.0,313449.57,452.88,0.22
Soyabean,2010,Kharif     ,Uttarakhand,8135.0,13174.0,1419.0,1351304.85,1952.4,1.62
Sugarcane,2010,Whole Year ,Uttarakhand,102402.0,6235474.0,1419.0,17009996.22,24576.48,60.89
Tobacco,2010,Whole Year ,Uttarakhand,8.0,23.0,1419.0,1328.88,1.92,2.88
Turmeric,2010,Whole Year ,Uttarakhand,191.0,370.0,1419.0,31727.01,45.84,1.94
Urad,2010,Kharif     ,Uttarakhand,10475.0,8392.0,1419.0,1740002.25,2514.0,0.8
Urad,2010,Rabi       ,Uttarakhand,176.0,100.0,1419.0,29235.36,42.24,0.57
Wheat,2010,Rabi       ,Uttarakhand,371225.0,882920.0,1419.0,61664184.75,89094.0,2.38
other oilseeds,2010,Kharif     ,Uttarakhand,431.0,266.0,1419.0,71593.41,103.44,0.62
other oilseeds,2010,Rabi       ,Uttarakhand,784.0,484.0,1419.0,130230.24,188.16,0.62
Arhar/Tur,2011,Kharif     ,Uttarakhand,2574.0,1740.0,1564.7,431196.48,849.42,0.68
Barley,2011,Rabi       ,Uttarakhand,20712.0,26160.0,1564.7,3469674.24,6834.96,1.26
Garlic,2011,Whole Year ,Uttarakhand,3039.0,24472.0,1564.7,509093.28,1002.87,8.05
Gram,2011,Rabi       ,Uttarakhand,720.0,574.0,1564.7,120614.4,237.6,0.8
Groundnut,2011,Kharif     ,Uttarakhand,1214.0,1538.0,1564.7,203369.28,400.62,1.27
Horse-gram,2011,Kharif     ,Uttarakhand,10016.0,8120.0,1564.7,1677880.32,3305.28,0.81
Maize,2011,Kharif     ,Uttarakhand,25472.0,38284.0,1564.7,4267069.44,8405.76,1.5
Maize,2011,Summer     ,Uttarakhand,47.0,94.0,1564.7,7873.44,15.51,2.0
Masoor,2011,Rabi       ,Uttarakhand,10978.0,9045.0,1564.7,1839034.56,3622.74,0.82
Moong(Green Gram),2011,Summer     ,Uttarakhand,3.0,2.0,1564.7,502.56,0.99,0.67
Moth,2011,Kharif     ,Uttarakhand,2.0,2.0,1564.7,335.04,0.66,1.0
Onion,2011,Whole Year ,Uttarakhand,2149.0,11529.0,1564.7,360000.48,709.17,5.36
Other  Rabi pulses,2011,Rabi       ,Uttarakhand,23.0,14.0,1564.7,3852.96,7.59,0.61
Other Cereals,2011,Rabi       ,Uttarakhand,477.0,412.0,1564.7,79907.04,157.41,0.86
Other Kharif pulses,2011,Kharif     ,Uttarakhand,10189.0,8848.0,1564.7,1706861.28,3362.37,0.87
Peas & beans (Pulses),2011,Rabi       ,Uttarakhand,6396.0,6576.0,1564.7,1071457.92,2110.68,1.03
Potato,2011,Kharif     ,Uttarakhand,7623.0,78490.0,1564.7,1277004.96,2515.59,10.3
Potato,2011,Rabi       ,Uttarakhand,4642.0,55998.0,1564.7,777627.84,1531.86,12.06
Ragi,2011,Kharif     ,Uttarakhand,114511.0,160034.0,1564.7,19182882.72,37788.63,1.4
Rapeseed &Mustard,2011,Rabi       ,Uttarakhand,12391.0,9733.0,1564.7,2075740.32,4089.03,0.79
Rice,2011,Kharif     ,Uttarakhand,261319.0,544497.0,1564.7,43776158.88,86235.27,2.08
Rice,2011,Summer     ,Uttarakhand,13680.0,45267.0,1564.7,2291673.6,4514.4,3.31
Sesamum,2011,Kharif     ,Uttarakhand,1745.0,400.0,1564.7,292322.4,575.85,0.23
Small millets,2011,Kharif     ,Uttarakhand,63943.0,79864.0,1564.7,10711731.36,21101.19,1.25
Soyabean,2011,Kharif     ,Uttarakhand,9041.0,14414.0,1564.7,1514548.32,2983.53,1.59
Sugarcane,2011,Whole Year ,Uttarakhand,104210.0,6348078.0,1564.7,17457259.2,34389.3,60.92
Sunflower,2011,Kharif     ,Uttarakhand,24.0,10.0,1564.7,4020.48,7.92,0.42
Tobacco,2011,Whole Year ,Uttarakhand,6.0,9.0,1564.7,1005.12,1.98,1.5
Turmeric,2011,Whole Year ,Uttarakhand,1292.0,11037.0,1564.7,216435.84,426.36,8.54
Urad,2011,Kharif     ,Uttarakhand,11013.0,8941.0,1564.7,1844897.76,3634.29,0.81
Urad,2011,Summer     ,Uttarakhand,77.0,19.0,1564.7,12899.04,25.41,0.25
Wheat,2011,Rabi       ,Uttarakhand,355549.0,864836.0,1564.7,59561568.48,117331.17,2.43
other oilseeds,2011,Rabi       ,Uttarakhand,780.0,890.0,1564.7,130665.6,257.4,1.14
Arhar/Tur,2012,Kharif     ,Uttarakhand,2531.0,1966.0,1309.8,381674.8,784.61,0.78
Bajra,2012,Kharif     ,Uttarakhand,1.0,1.0,1309.8,150.8,0.31,1.0
Barley,2012,Rabi       ,Uttarakhand,20702.0,28222.0,1309.8,3121861.6,6417.62,1.36
Garlic,2012,Whole Year ,Uttarakhand,3551.0,28056.0,1309.8,535490.8,1100.81,7.9
Gram,2012,Rabi       ,Uttarakhand,599.0,506.0,1309.8,90329.2,185.69,0.84
Groundnut,2012,Kharif     ,Uttarakhand,1067.0,1235.0,1309.8,160903.6,330.77,1.16
Horse-gram,2012,Kharif     ,Uttarakhand,10867.0,8700.0,1309.8,1638743.6,3368.77,0.8
Maize,2012,Kharif     ,Uttarakhand,26096.0,38701.0,1309.8,3935276.8,8089.76,1.48
Maize,2012,Summer     ,Uttarakhand,51.0,102.0,1309.8,7690.8,15.81,2.0
Masoor,2012,Rabi       ,Uttarakhand,11075.0,9039.0,1309.8,1670110.0,3433.25,0.82
Moong(Green Gram),2012,Summer     ,Uttarakhand,12.0,9.0,1309.8,1809.6,3.72,0.75
Moth,2012,Kharif     ,Uttarakhand,20.0,8.0,1309.8,3016.0,6.2,0.4
Onion,2012,Whole Year ,Uttarakhand,2322.0,12287.0,1309.8,350157.6,719.82,5.29
Other  Rabi pulses,2012,Rabi       ,Uttarakhand,3.0,1.0,1309.8,452.4,0.93,0.33
Other Cereals,2012,Rabi       ,Uttarakhand,631.0,432.0,1309.8,95154.8,195.61,0.68
Other Kharif pulses,2012,Kharif     ,Uttarakhand,11212.0,9750.0,1309.8,1690769.6,3475.72,0.87
Peas & beans (Pulses),2012,Rabi       ,Uttarakhand,6117.0,6017.0,1309.8,922443.6,1896.27,0.98
Potato,2012,Kharif     ,Uttarakhand,8339.0,69006.0,1309.8,1257521.2,2585.09,8.28
Potato,2012,Rabi       ,Uttarakhand,5317.0,64212.0,1309.8,801803.6,1648.27,12.08
Ragi,2012,Kharif     ,Uttarakhand,113210.0,157792.0,1309.8,17072068.0,35095.1,1.39
Rapeseed &Mustard,2012,Rabi       ,Uttarakhand,13238.0,12093.0,1309.8,1996290.4,4103.78,0.91
Rice,2012,Kharif     ,Uttarakhand,255037.0,561339.0,1309.8,38459579.6,79061.47,2.2
Rice,2012,Summer     ,Uttarakhand,14200.0,45552.0,1309.8,2141360.0,4402.0,3.21
Sesamum,2012,Kharif     ,Uttarakhand,1778.0,486.0,1309.8,268122.4,551.18,0.27
Small millets,2012,Kharif     ,Uttarakhand,65057.0,80661.0,1309.8,9810595.6,20167.67,1.24
Soyabean,2012,Kharif     ,Uttarakhand,9067.0,19415.0,1309.8,1367303.6,2810.77,2.14
Sugarcane,2012,Whole Year ,Uttarakhand,103983.0,6344504.0,1309.8,15680636.4,32234.73,61.01
Sunflower,2012,Kharif     ,Uttarakhand,3.0,3.0,1309.8,452.4,0.93,1.0
Turmeric,2012,Whole Year ,Uttarakhand,672.0,5246.0,1309.8,101337.6,208.32,7.81
Urad,2012,Kharif     ,Uttarakhand,11770.0,9211.0,1309.8,1774916.0,3648.7,0.78
Urad,2012,Summer     ,Uttarakhand,114.0,58.0,1309.8,17191.2,35.34,0.51
Wheat,2012,Rabi       ,Uttarakhand,349669.0,853769.0,1309.8,52730085.2,108397.39,2.44
other oilseeds,2012,Kharif     ,Uttarakhand,43.0,26.0,1309.8,6484.4,13.33,0.6
other oilseeds,2012,Rabi       ,Uttarakhand,751.0,357.0,1309.8,113250.8,232.81,0.48
Arhar/Tur,2013,Kharif     ,Uttarakhand,2330.0,1880.0,1735.4,336661.7,629.1,0.81
Bajra,2013,Kharif     ,Uttarakhand,1.0,1.0,1735.4,144.49,0.27,1.0
Barley,2013,Rabi       ,Uttarakhand,21317.0,29054.0,1735.4,3080093.33,5755.59,1.36
Garlic,2013,Whole Year ,Uttarakhand,3173.0,20391.0,1735.4,458466.77,856.71,6.43
Gram,2013,Rabi       ,Uttarakhand,569.0,481.0,1735.4,82214.81,153.63,0.85
Groundnut,2013,Kharif     ,Uttarakhand,1218.0,1426.0,1735.4,175988.82,328.86,1.17
Horse-gram,2013,Kharif     ,Uttarakhand,10523.0,8474.0,1735.4,1520468.27,2841.21,0.81
Linseed,2013,Rabi       ,Uttarakhand,2.0,1.0,1735.4,288.98,0.54,0.5
Maize,2013,Kharif     ,Uttarakhand,23534.0,33712.0,1735.4,3400427.66,6354.18,1.43
Maize,2013,Summer     ,Uttarakhand,48.0,118.0,1735.4,6935.52,12.96,2.46
Masoor,2013,Rabi       ,Uttarakhand,9839.0,8822.0,1735.4,1421637.11,2656.53,0.9
Moong(Green Gram),2013,Kharif     ,Uttarakhand,15.0,8.0,1735.4,2167.35,4.05,0.53
Moong(Green Gram),2013,Summer     ,Uttarakhand,10.0,5.0,1735.4,1444.9,2.7,0.5
Moth,2013,Kharif     ,Uttarakhand,27.0,11.0,1735.4,3901.23,7.29,0.41
Onion,2013,Whole Year ,Uttarakhand,2359.0,12452.0,1735.4,340851.91,636.93,5.28
Other  Rabi pulses,2013,Rabi       ,Uttarakhand,8.0,5.0,1735.4,1155.92,2.16,0.62
Other Kharif pulses,2013,Kharif     ,Uttarakhand,12906.0,11101.0,1735.4,1864787.94,3484.62,0.86
Peas & beans (Pulses),2013,Rabi       ,Uttarakhand,6244.0,6163.0,1735.4,902195.56,1685.88,0.99
Potato,2013,Kharif     ,Uttarakhand,9246.0,84730.0,1735.4,1335954.54,2496.42,9.16
Potato,2013,Rabi       ,Uttarakhand,5058.0,54900.0,1735.4,730830.42,1365.66,10.85
Ragi,2013,Kharif     ,Uttarakhand,108656.0,148803.0,1735.4,15699705.44,29337.12,1.37
Rapeseed &Mustard,2013,Rabi       ,Uttarakhand,12061.0,9167.0,1735.4,1742693.89,3256.47,0.76
Rice,2013,Kharif     ,Uttarakhand,246959.0,551758.0,1735.4,35683105.91,66678.93,2.23
Rice,2013,Summer     ,Uttarakhand,12420.0,41310.0,1735.4,1794565.8,3353.4,3.33
Sesamum,2013,Kharif     ,Uttarakhand,1798.0,467.0,1735.4,259793.02,485.46,0.26
Small millets,2013,Kharif     ,Uttarakhand,62135.0,76031.0,1735.4,8977886.15,16776.45,1.22
Soyabean,2013,Kharif     ,Uttarakhand,9172.0,14374.0,1735.4,1325262.28,2476.44,1.57
Sugarcane,2013,Whole Year ,Uttarakhand,106499.0,6061428.0,1735.4,15388040.51,28754.73,56.92
Sunflower,2013,Kharif     ,Uttarakhand,40.0,39.0,1735.4,5779.6,10.8,0.97
Tobacco,2013,Whole Year ,Uttarakhand,6.0,22.0,1735.4,866.94,1.62,3.67
Turmeric,2013,Whole Year ,Uttarakhand,702.0,1317.0,1735.4,101431.98,189.54,1.88
Urad,2013,Kharif     ,Uttarakhand,11132.0,8839.0,1735.4,1608462.68,3005.64,0.79
Urad,2013,Summer     ,Uttarakhand,66.0,27.0,1735.4,9536.34,17.82,0.41
Wheat,2013,Rabi       ,Uttarakhand,343637.0,848134.0,1735.4,49652110.13,92781.99,2.47
other oilseeds,2013,Kharif     ,Uttarakhand,61.0,36.0,1735.4,8813.89,16.47,0.59
other oilseeds,2013,Rabi       ,Uttarakhand,494.0,232.0,1735.4,71378.06,133.38,0.47
Arhar/Tur,2014,Kharif     ,Uttarakhand,3150.0,2854.0,1287.4,475524.0,1039.5,0.91
Bajra,2014,Kharif     ,Uttarakhand,2.0,2.0,1287.4,301.92,0.66,1.0
Barley,2014,Rabi       ,Uttarakhand,21054.0,24800.0,1287.4,3178311.84,6947.82,1.18
Garlic,2014,Kharif     ,Uttarakhand,2081.0,24774.0,1287.4,314147.76,686.73,11.9
Garlic,2014,Whole Year ,Uttarakhand,2926.0,20380.0,1287.4,441708.96,965.58,6.97
Gram,2014,Rabi       ,Uttarakhand,601.0,514.0,1287.4,90726.96,198.33,0.86
Groundnut,2014,Kharif     ,Uttarakhand,1185.0,1306.0,1287.4,178887.6,391.05,1.1
Horse-gram,2014,Kharif     ,Uttarakhand,12109.0,9783.0,1287.4,1827974.64,3995.97,0.81
Linseed,2014,Rabi       ,Uttarakhand,2.0,1.0,1287.4,301.92,0.66,0.5
Maize,2014,Kharif     ,Uttarakhand,23757.0,49135.0,1287.4,3586356.72,7839.81,2.07
Maize,2014,Summer     ,Uttarakhand,36.0,80.0,1287.4,5434.56,11.88,2.22
Masoor,2014,Rabi       ,Uttarakhand,10417.0,7352.0,1287.4,1572550.32,3437.61,0.71
Moong(Green Gram),2014,Kharif     ,Uttarakhand,17.0,10.0,1287.4,2566.32,5.61,0.59
Moong(Green Gram),2014,Summer     ,Uttarakhand,17.0,9.0,1287.4,2566.32,5.61,0.53
Moth,2014,Kharif     ,Uttarakhand,37.0,16.0,1287.4,5585.52,12.21,0.43
Onion,2014,Whole Year ,Uttarakhand,2825.0,14786.0,1287.4,426462.0,932.25,5.23
Other  Rabi pulses,2014,Rabi       ,Uttarakhand,6.0,5.0,1287.4,905.76,1.98,0.83
Other Cereals,2014,Kharif     ,Uttarakhand,1209.0,587.0,1287.4,182510.64,398.97,0.49
Other Cereals,2014,Rabi       ,Uttarakhand,603.0,530.0,1287.4,91028.88,198.99,0.88
Other Kharif pulses,2014,Kharif     ,Uttarakhand,12717.0,11859.0,1287.4,1919758.32,4196.61,0.93
Peas & beans (Pulses),2014,Rabi       ,Uttarakhand,5572.0,5393.0,1287.4,841149.12,1838.76,0.97
Potato,2014,Kharif     ,Uttarakhand,6561.0,70178.0,1287.4,990448.56,2165.13,10.7
Potato,2014,Rabi       ,Uttarakhand,5262.0,50495.0,1287.4,794351.52,1736.46,9.6
Ragi,2014,Kharif     ,Uttarakhand,107904.0,149033.0,1287.4,16289187.84,35608.32,1.38
Rapeseed &Mustard,2014,Rabi       ,Uttarakhand,14052.0,9963.0,1287.4,2121289.92,4637.16,0.71
Rice,2014,Kharif     ,Uttarakhand,247698.0,561856.0,1287.4,37392490.08,81740.34,2.27
Rice,2014,Summer     ,Uttarakhand,12394.0,39004.0,1287.4,1870998.24,4090.02,3.15
Sesamum,2014,Kharif     ,Uttarakhand,1540.0,408.0,1287.4,232478.4,508.2,0.26
Small millets,2014,Kharif     ,Uttarakhand,59534.0,78546.0,1287.4,8987252.64,19646.22,1.32
Soyabean,2014,Kharif     ,Uttarakhand,10772.0,14327.0,1287.4,1626141.12,3554.76,1.33
Sugarcane,2014,Whole Year ,Uttarakhand,100737.0,6108965.0,1287.4,15207257.52,33243.21,60.64
Sunflower,2014,Whole Year ,Uttarakhand,40.0,43.0,1287.4,6038.4,13.2,1.07
Tobacco,2014,Whole Year ,Uttarakhand,5.0,10.0,1287.4,754.8,1.65,2.0
Turmeric,2014,Whole Year ,Uttarakhand,903.0,1740.0,1287.4,136316.88,297.99,1.93
Urad,2014,Kharif     ,Uttarakhand,12610.0,9538.0,1287.4,1903605.6,4161.3,0.76
Urad,2014,Summer     ,Uttarakhand,57.0,32.0,1287.4,8604.72,18.81,0.56
Wheat,2014,Rabi       ,Uttarakhand,343879.0,662026.0,1287.4,51911973.84,113480.07,1.93
other oilseeds,2014,Kharif     ,Uttarakhand,134.0,91.0,1287.4,20228.64,44.22,0.68
other oilseeds,2014,Rabi       ,Uttarakhand,420.0,198.0,1287.4,63403.2,138.6,0.47
Arhar/Tur,2015,Kharif     ,Uttarakhand,3334.0,2740.0,1247.6,526471.94,1100.22,0.82
Bajra,2015,Kharif     ,Uttarakhand,2.0,2.0,1247.6,315.82,0.66,1.0
Barley,2015,Rabi       ,Uttarakhand,18367.0,18061.0,1247.6,2900332.97,6061.11,0.98
Garlic,2015,Whole Year ,Uttarakhand,3564.0,21718.0,1247.6,562791.24,1176.12,6.09
Gram,2015,Rabi       ,Uttarakhand,646.0,540.0,1247.6,102009.86,213.18,0.84
Groundnut,2015,Kharif     ,Uttarakhand,929.0,1278.0,1247.6,146698.39,306.57,1.38
Horse-gram,2015,Kharif     ,Uttarakhand,11580.0,10292.0,1247.6,1828597.8,3821.4,0.89
Jowar,2015,Kharif     ,Uttarakhand,5.0,4.0,1247.6,789.55,1.65,0.8
Maize,2015,Kharif     ,Uttarakhand,22123.0,38135.0,1247.6,3493442.93,7300.59,1.72
Maize,2015,Summer     ,Uttarakhand,43.0,73.0,1247.6,6790.13,14.19,1.7
Masoor,2015,Rabi       ,Uttarakhand,10043.0,7523.0,1247.6,1585890.13,3314.19,0.75
Moong(Green Gram),2015,Kharif     ,Uttarakhand,3.0,2.0,1247.6,473.73,0.99,0.67
Moong(Green Gram),2015,Summer     ,Uttarakhand,15.0,9.0,1247.6,2368.65,4.95,0.6
Moth,2015,Kharif     ,Uttarakhand,15.0,8.0,1247.6,2368.65,4.95,0.53
Moth,2015,Rabi       ,Uttarakhand,15858.0,15520.0,1247.6,2504136.78,5233.14,0.98
Onion,2015,Whole Year ,Uttarakhand,3268.0,17246.0,1247.6,516049.88,1078.44,5.28
Other  Rabi pulses,2015,Rabi       ,Uttarakhand,4.0,4.0,1247.6,631.64,1.32,1.0
Other Kharif pulses,2015,Kharif     ,Uttarakhand,12297.0,12055.0,1247.6,1941819.27,4058.01,0.98
Peas & beans (Pulses),2015,Rabi       ,Uttarakhand,4983.0,4666.0,1247.6,786865.53,1644.39,0.94
Potato,2015,Kharif     ,Uttarakhand,7364.0,69359.0,1247.6,1162849.24,2430.12,9.42
Potato,2015,Rabi       ,Uttarakhand,4863.0,40894.0,1247.6,767916.33,1604.79,8.41
Ragi,2015,Kharif     ,Uttarakhand,105450.0,148705.0,1247.6,16651609.5,34798.5,1.41
Rapeseed &Mustard,2015,Rabi       ,Uttarakhand,12275.0,11611.0,1247.6,1938345.25,4050.75,0.95
Rice,2015,Kharif     ,Uttarakhand,252163.0,591755.0,1247.6,39819059.33,83213.79,2.35
Rice,2015,Summer     ,Uttarakhand,13043.0,50137.0,1247.6,2059620.13,4304.19,3.84
Sesamum,2015,Kharif     ,Uttarakhand,1700.0,464.0,1247.6,268447.0,561.0,0.27
Small millets,2015,Kharif     ,Uttarakhand,56570.0,72632.0,1247.6,8932968.7,18668.1,1.28
Soyabean,2015,Kharif     ,Uttarakhand,11940.0,15950.0,1247.6,1885445.4,3940.2,1.34
Sugarcane,2015,Whole Year ,Uttarakhand,95538.0,5656014.0,1247.6,15086405.58,31527.54,59.2
Sunflower,2015,Kharif     ,Uttarakhand,102.0,97.0,1247.6,16106.82,33.66,0.95
Turmeric,2015,Whole Year ,Uttarakhand,980.0,1738.0,1247.6,154751.8,323.4,1.77
Urad,2015,Kharif     ,Uttarakhand,11940.0,7876.0,1247.6,1885445.4,3940.2,0.66
Urad,2015,Summer     ,Uttarakhand,59.0,26.0,1247.6,9316.69,19.47,0.44
Wheat,2015,Rabi       ,Uttarakhand,342650.0,790370.0,1247.6,54107861.5,113074.5,2.31
other oilseeds,2015,Kharif     ,Uttarakhand,30.0,19.0,1247.6,4737.3,9.9,0.63
other oilseeds,2015,Rabi       ,Uttarakhand,627.0,315.0,1247.6,99009.57,206.91,0.5
Arhar/Tur,2016,Kharif     ,Uttarakhand,2488.0,2253.0,1580.9,381286.0,870.8,0.91
Barley,2016,Rabi       ,Uttarakhand,19834.0,24622.0,1580.9,3039560.5,6941.9,1.24
Garlic,2016,Whole Year ,Uttarakhand,3818.0,23465.0,1580.9,585108.5,1336.3,6.15
Gram,2016,Rabi       ,Uttarakhand,743.0,598.0,1580.9,113864.75,260.05,0.8
Groundnut,2016,Kharif     ,Uttarakhand,935.0,1214.0,1580.9,143288.75,327.25,1.3
Horse-gram,2016,Kharif     ,Uttarakhand,11762.0,9536.0,1580.9,1802526.5,4116.7,0.81
Linseed,2016,Rabi       ,Uttarakhand,25.0,10.0,1580.9,3831.25,8.75,0.4
Maize,2016,Kharif     ,Uttarakhand,21692.0,36649.0,1580.9,3324299.0,7592.2,1.69
Maize,2016,Summer     ,Uttarakhand,90.0,133.0,1580.9,13792.5,31.5,1.48
Masoor,2016,Rabi       ,Uttarakhand,10291.0,7667.0,1580.9,1577095.75,3601.85,0.75
Moong(Green Gram),2016,Kharif     ,Uttarakhand,37.0,18.0,1580.9,5670.25,12.95,0.49
Moong(Green Gram),2016,Summer     ,Uttarakhand,3.0,3.0,1580.9,459.75,1.05,1.0
Moth,2016,Kharif     ,Uttarakhand,8.0,3.0,1580.9,1226.0,2.8,0.38
Onion,2016,Whole Year ,Uttarakhand,3557.0,29892.0,1580.9,545110.25,1244.95,8.4
Other  Rabi pulses,2016,Rabi       ,Uttarakhand,19.0,15.0,1580.9,2911.75,6.65,0.79
Other Cereals,2016,Kharif     ,Uttarakhand,1488.0,726.0,1580.9,228036.0,520.8,0.49
Other Cereals,2016,Rabi       ,Uttarakhand,798.0,678.0,1580.9,122293.5,279.3,0.85
Other Kharif pulses,2016,Kharif     ,Uttarakhand,12202.0,11329.0,1580.9,1869956.5,4270.7,0.93
Other Summer Pulses,2016,Summer     ,Uttarakhand,12.0,7.0,1580.9,1839.0,4.2,0.58
Peas & beans (Pulses),2016,Rabi       ,Uttarakhand,4232.0,4149.0,1580.9,648554.0,1481.2,0.98
Potato,2016,Kharif     ,Uttarakhand,6583.0,55540.0,1580.9,1008844.75,2304.05,8.44
Potato,2016,Rabi       ,Uttarakhand,5688.0,68184.0,1580.9,871686.0,1990.8,11.99
Ragi,2016,Kharif     ,Uttarakhand,106365.0,157402.0,1580.9,16300436.25,37227.75,1.48
Rapeseed &Mustard,2016,Rabi       ,Uttarakhand,13503.0,11534.0,1580.9,2069334.75,4726.05,0.85
Rice,2016,Kharif     ,Uttarakhand,251498.0,582720.0,1580.9,38542068.5,88024.3,2.32
Rice,2016,Summer     ,Uttarakhand,14703.0,55577.0,1580.9,2253234.75,5146.05,3.78
Sesamum,2016,Kharif     ,Uttarakhand,1864.0,544.0,1580.9,285658.0,652.4,0.29
Small millets,2016,Kharif     ,Uttarakhand,57467.0,78469.0,1580.9,8806817.75,20113.45,1.37
Soyabean,2016,Kharif     ,Uttarakhand,11431.0,13612.0,1580.9,1751800.75,4000.85,1.19
Sugarcane,2016,Whole Year ,Uttarakhand,91995.0,5445379.0,1580.9,14098233.75,32198.25,59.19
Sunflower,2016,Kharif     ,Uttarakhand,7.0,4.0,1580.9,1072.75,2.45,0.57
Tobacco,2016,Whole Year ,Uttarakhand,9.0,17.0,1580.9,1379.25,3.15,1.89
Turmeric,2016,Whole Year ,Uttarakhand,855.0,1749.0,1580.9,131028.75,299.25,2.05
Urad,2016,Kharif     ,Uttarakhand,12481.0,10194.0,1580.9,1912713.25,4368.35,0.82
Urad,2016,Summer     ,Uttarakhand,92.0,53.0,1580.9,14099.0,32.2,0.58
Wheat,2016,Rabi       ,Uttarakhand,339572.0,891700.0,1580.9,52039409.0,118850.2,2.63
other oilseeds,2016,Kharif     ,Uttarakhand,14.0,10.0,1580.9,2145.5,4.9,0.71
other oilseeds,2016,Rabi       ,Uttarakhand,495.0,317.0,1580.9,75858.75,173.25,0.64
Arhar/Tur,2017,Kharif     ,Uttarakhand,3459.0,3322.0,1475.8,544584.96,1314.42,0.96
Barley,2017,Rabi       ,Uttarakhand,19216.0,25480.0,1475.8,3025367.04,7302.08,1.33
Garlic,2017,Whole Year ,Uttarakhand,4205.0,29163.0,1475.8,662035.2,1597.9,6.94
Gram,2017,Rabi       ,Uttarakhand,530.0,440.0,1475.8,83443.2,201.4,0.83
Groundnut,2017,Kharif     ,Uttarakhand,805.0,1109.0,1475.8,126739.2,305.9,1.38
Horse-gram,2017,Kharif     ,Uttarakhand,12728.0,10555.0,1475.8,2003896.32,4836.64,0.83
Maize,2017,Kharif     ,Uttarakhand,20806.0,42563.0,1475.8,3275696.64,7906.28,2.05
Maize,2017,Summer     ,Uttarakhand,66.0,96.0,1475.8,10391.04,25.08,1.45
Masoor,2017,Rabi       ,Uttarakhand,9500.0,6582.0,1475.8,1495680.0,3610.0,0.69
Moong(Green Gram),2017,Kharif     ,Uttarakhand,15.0,8.0,1475.8,2361.6,5.7,0.53
Moong(Green Gram),2017,Summer     ,Uttarakhand,6.0,4.0,1475.8,944.64,2.28,0.67
Moth,2017,Kharif     ,Uttarakhand,9.0,5.0,1475.8,1416.96,3.42,0.56
Onion,2017,Whole Year ,Uttarakhand,3499.0,56138.0,1475.8,550882.56,1329.62,16.04
Other  Rabi pulses,2017,Rabi       ,Uttarakhand,27.0,22.0,1475.8,4250.88,10.26,0.81
Other Cereals,2017,Kharif     ,Uttarakhand,581.0,315.0,1475.8,91472.64,220.78,0.54
Other Cereals,2017,Rabi       ,Uttarakhand,786.0,591.0,1475.8,123747.84,298.68,0.75
Other Kharif pulses,2017,Kharif     ,Uttarakhand,11774.0,12623.0,1475.8,1853698.56,4474.12,1.07
Peas & beans (Pulses),2017,Rabi       ,Uttarakhand,4348.0,4095.0,1475.8,684549.12,1652.24,0.94
Potato,2017,Kharif     ,Uttarakhand,7861.0,79562.0,1475.8,1237635.84,2987.18,10.12
Potato,2017,Rabi       ,Uttarakhand,6141.0,80400.0,1475.8,966839.04,2333.58,13.09
Ragi,2017,Kharif     ,Uttarakhand,101504.0,138836.0,1475.8,15980789.76,38571.52,1.37
Rapeseed &Mustard,2017,Rabi       ,Uttarakhand,13592.0,11126.0,1475.8,2139924.48,5164.96,0.82
Rice,2017,Kharif     ,Uttarakhand,246539.0,620027.0,1475.8,38815100.16,93684.82,2.51
Rice,2017,Summer     ,Uttarakhand,13953.0,44845.0,1475.8,2196760.32,5302.14,3.21
Sesamum,2017,Kharif     ,Uttarakhand,1888.0,563.0,1475.8,297246.72,717.44,0.3
Small millets,2017,Kharif     ,Uttarakhand,53160.0,70393.0,1475.8,8369510.4,20200.8,1.32
Soyabean,2017,Kharif     ,Uttarakhand,10537.0,12759.0,1475.8,1658945.28,4004.06,1.21
Sugarcane,2017,Whole Year ,Uttarakhand,91618.0,6385778.0,1475.8,14424337.92,34814.84,69.7
Tobacco,2017,Whole Year ,Uttarakhand,5.0,10.0,1475.8,787.2,1.9,2.0
Turmeric,2017,Whole Year ,Uttarakhand,800.0,1804.0,1475.8,125952.0,304.0,2.25
Urad,2017,Kharif     ,Uttarakhand,12884.0,9838.0,1475.8,2028456.96,4895.92,0.76
Urad,2017,Summer     ,Uttarakhand,97.0,66.0,1475.8,15271.68,36.86,0.68
Wheat,2017,Rabi       ,Uttarakhand,330401.0,929884.0,1475.8,52018333.44,125552.38,2.81
other oilseeds,2017,Kharif     ,Uttarakhand,34.0,24.0,1475.8,5352.96,12.92,0.71
other oilseeds,2017,Rabi       ,Uttarakhand,333.0,168.0,1475.8,52427.52,126.54,0.5
Arhar/Tur,2018,Kharif     ,Uttarakhand,3199.0,2571.0,1373.0,518877.8,1119.65,0.8
Barley,2018,Rabi       ,Uttarakhand,18926.0,27023.0,1373.0,3069797.2,6624.1,1.43
Garlic,2018,Whole Year ,Uttarakhand,4384.0,32761.0,1373.0,711084.8,1534.4,7.47
Gram,2018,Rabi       ,Uttarakhand,795.0,646.0,1373.0,128949.0,278.25,0.81
Groundnut,2018,Kharif     ,Uttarakhand,709.0,735.0,1373.0,114999.8,248.15,1.04
Horse-gram,2018,Kharif     ,Uttarakhand,12898.0,11419.0,1373.0,2092055.6,4514.3,0.89
Linseed,2018,Rabi       ,Uttarakhand,13.0,13.0,1373.0,2108.6,4.55,1.0
Maize,2018,Kharif     ,Uttarakhand,21266.0,40107.0,1373.0,3449345.2,7443.1,1.89
Maize,2018,Summer     ,Uttarakhand,118.0,166.0,1373.0,19139.6,41.3,1.41
Masoor,2018,Rabi       ,Uttarakhand,8981.0,7891.0,1373.0,1456718.2,3143.35,0.88
Moong(Green Gram),2018,Kharif     ,Uttarakhand,1.0,1.0,1373.0,162.2,0.35,1.0
Moth,2018,Kharif     ,Uttarakhand,20.0,9.0,1373.0,3244.0,7.0,0.45
Onion,2018,Whole Year ,Uttarakhand,3345.0,53748.0,1373.0,542559.0,1170.75,16.07
Other  Rabi pulses,2018,Rabi       ,Uttarakhand,5.0,3.0,1373.0,811.0,1.75,0.6
Other Cereals,2018,Kharif     ,Uttarakhand,768.0,407.0,1373.0,124569.6,268.8,0.53
Other Cereals,2018,Rabi       ,Uttarakhand,755.0,568.0,1373.0,122461.0,264.25,0.75
Other Kharif pulses,2018,Kharif     ,Uttarakhand,14373.0,15537.0,1373.0,2331300.6,5030.55,1.08
Other Summer Pulses,2018,Summer     ,Uttarakhand,3.0,2.0,1373.0,486.6,1.05,0.67
Peas & beans (Pulses),2018,Rabi       ,Uttarakhand,5552.0,5551.0,1373.0,900534.4,1943.2,1.0
Potato,2018,Kharif     ,Uttarakhand,6970.0,69123.0,1373.0,1130534.0,2439.5,9.92
Potato,2018,Rabi       ,Uttarakhand,4955.0,60075.0,1373.0,803701.0,1734.25,12.12
Ragi,2018,Kharif     ,Uttarakhand,94004.0,114457.0,1373.0,15247448.8,32901.4,1.22
Rapeseed &Mustard,2018,Rabi       ,Uttarakhand,13144.0,12258.0,1373.0,2131956.8,4600.4,0.93
Rice,2018,Kharif     ,Uttarakhand,243666.0,574963.0,1373.0,39522625.2,85283.1,2.36
Rice,2018,Summer     ,Uttarakhand,15682.0,51570.0,1373.0,2543620.4,5488.7,3.29
Sesamum,2018,Kharif     ,Uttarakhand,1848.0,550.0,1373.0,299745.6,646.8,0.3
Small millets,2018,Kharif     ,Uttarakhand,53829.0,68899.0,1373.0,8731063.8,18840.15,1.28
Soyabean,2018,Kharif     ,Uttarakhand,9054.0,9681.0,1373.0,1468558.8,3168.9,1.07
Sugarcane,2018,Whole Year ,Uttarakhand,92863.0,6459016.0,1373.0,15062378.6,32502.05,69.55
Sunflower,2018,Kharif     ,Uttarakhand,5.0,3.0,1373.0,811.0,1.75,0.6
Sunflower,2018,Summer     ,Uttarakhand,3.0,3.0,1373.0,486.6,1.05,1.0
Tobacco,2018,Whole Year ,Uttarakhand,1.0,2.0,1373.0,162.2,0.35,2.0
Turmeric,2018,Whole Year ,Uttarakhand,1308.0,4092.0,1373.0,212157.6,457.8,3.13
Urad,2018,Kharif     ,Uttarakhand,12491.0,10727.0,1373.0,2026040.2,4371.85,0.86
Urad,2018,Summer     ,Uttarakhand,49.0,32.0,1373.0,7947.8,17.15,0.65
Wheat,2018,Rabi       ,Uttarakhand,307452.0,927657.0,1373.0,49868714.4,107608.2,3.02
other oilseeds,2018,Kharif     ,Uttarakhand,17.0,16.0,1373.0,2757.4,5.95,0.94
other oilseeds,2018,Rabi       ,Uttarakhand,8.0,5.0,1373.0,1297.6,2.8,0.62
Arhar/Tur,2019,Kharif     ,Uttarakhand,3182.0,2735.0,1378.9,546540.32,1177.34,0.86
Barley,2019,Rabi       ,Uttarakhand,20117.0,28539.0,1378.9,3455295.92,7443.29,1.42
Garlic,2019,Whole Year ,Uttarakhand,4600.0,34716.0,1378.9,790096.0,1702.0,7.55
Gram,2019,Rabi       ,Uttarakhand,722.0,547.0,1378.9,124010.72,267.14,0.76
Groundnut,2019,Kharif     ,Uttarakhand,669.0,706.0,1378.9,114907.44,247.53,1.06
Horse-gram,2019,Kharif     ,Uttarakhand,13223.0,12194.0,1378.9,2271182.48,4892.51,0.92
Maize,2019,Kharif     ,Uttarakhand,21193.0,40823.0,1378.9,3640109.68,7841.41,1.93
Maize,2019,Summer     ,Uttarakhand,362.0,491.0,1378.9,62177.12,133.94,1.36
Masoor,2019,Rabi       ,Uttarakhand,10246.0,10405.0,1378.9,1759852.96,3791.02,1.02
Moong(Green Gram),2019,Kharif     ,Uttarakhand,2.0,2.0,1378.9,343.52,0.74,1.0
Moong(Green Gram),2019,Summer     ,Uttarakhand,10.0,6.0,1378.9,1717.6,3.7,0.6
Moth,2019,Kharif     ,Uttarakhand,9.0,5.0,1378.9,1545.84,3.33,0.56
Onion,2019,Whole Year ,Uttarakhand,3474.0,56216.0,1378.9,596694.24,1285.38,16.18
Other  Rabi pulses,2019,Rabi       ,Uttarakhand,51.0,42.0,1378.9,8759.76,18.87,0.82
Other Cereals,2019,Kharif     ,Uttarakhand,777.0,789.0,1378.9,133457.52,287.49,1.02
Other Cereals,2019,Rabi       ,Uttarakhand,371.0,297.0,1378.9,63722.96,137.27,0.8
Other Kharif pulses,2019,Kharif     ,Uttarakhand,14318.0,14866.0,1378.9,2459259.68,5297.66,1.04
Peas & beans (Pulses),2019,Rabi       ,Uttarakhand,5903.0,5153.0,1378.9,1013899.28,2184.11,0.87
Potato,2019,Kharif     ,Uttarakhand,8156.0,86509.0,1378.9,1400874.56,3017.72,10.61
Potato,2019,Rabi       ,Uttarakhand,6411.0,76031.0,1378.9,1101153.36,2372.07,11.86
Ragi,2019,Kharif     ,Uttarakhand,91584.0,129994.0,1378.9,15730467.84,33886.08,1.42
Rapeseed &Mustard,2019,Rabi       ,Uttarakhand,12639.0,12472.0,1378.9,2170874.64,4676.43,0.99
Rice,2019,Kharif     ,Uttarakhand,240411.0,615514.0,1378.9,41292993.36,88952.07,2.56
Rice,2019,Summer     ,Uttarakhand,17370.0,61915.0,1378.9,2983471.2,6426.9,3.56
Sesamum,2019,Kharif     ,Uttarakhand,2052.0,620.0,1378.9,352451.52,759.24,0.3
Small millets,2019,Kharif     ,Uttarakhand,50305.0,67967.0,1378.9,8640386.8,18612.85,1.35
Soyabean,2019,Kharif     ,Uttarakhand,8003.0,8838.0,1378.9,1374595.28,2961.11,1.1
Sugarcane,2019,Whole Year ,Uttarakhand,90688.0,6838266.0,1378.9,15576570.88,33554.56,75.4
Sunflower,2019,Kharif     ,Uttarakhand,28.0,17.0,1378.9,4809.28,10.36,0.61
Tobacco,2019,Whole Year ,Uttarakhand,3.0,6.0,1378.9,515.28,1.11,2.0
Turmeric,2019,Whole Year ,Uttarakhand,1313.0,4270.0,1378.9,225520.88,485.81,3.25
Urad,2019,Kharif     ,Uttarakhand,13173.0,12233.0,1378.9,2262594.48,4874.01,0.93
Urad,2019,Summer     ,Uttarakhand,69.0,72.0,1378.9,11851.44,25.53,1.04
Wheat,2019,Rabi       ,Uttarakhand,303283.0,887440.0,1378.9,52091888.08,112214.71,2.93
other oilseeds,2019,Kharif     ,Uttarakhand,12.0,9.0,1378.9,2061.12,4.44,0.75
other oilseeds,2019,Rabi       ,Uttarakhand,4.0,3.0,1378.9,687.04,1.48,0.75
Arhar/Tur,2020,Kharif     ,Uttarakhand,3327.0,3992.0,1313.947826,644140.47,1230.99,1.2
Barley,2020,Rabi       ,Uttarakhand,19280.0,24479.0,1313.947826,3732800.8,7133.6,1.27
Garlic,2020,Whole Year ,Uttarakhand,5345.0,39638.0,1313.947826,1034845.45,1977.65,7.42
Gram,2020,Rabi       ,Uttarakhand,728.0,558.0,1313.947826,140948.08,269.36,0.77
Groundnut,2020,Kharif     ,Uttarakhand,617.0,933.0,1313.947826,119457.37,228.29,1.51
Horse-gram,2020,Kharif     ,Uttarakhand,13149.0,12844.0,1313.947826,2545777.89,4865.13,0.98
Maize,2020,Kharif     ,Uttarakhand,19697.0,41108.0,1313.947826,3813536.17,7287.89,2.09
Maize,2020,Summer     ,Uttarakhand,198.0,430.0,1313.947826,38334.78,73.26,2.17
Masoor,2020,Rabi       ,Uttarakhand,9246.0,6998.0,1313.947826,1790118.06,3421.02,0.76
Moong(Green Gram),2020,Kharif     ,Uttarakhand,9.0,6.0,1313.947826,1742.49,3.33,0.67
Moong(Green Gram),2020,Summer     ,Uttarakhand,8.0,5.0,1313.947826,1548.88,2.96,0.62
Moth,2020,Kharif     ,Uttarakhand,42.0,24.0,1313.947826,8131.62,15.54,0.57
Onion,2020,Whole Year ,Uttarakhand,3590.0,49670.0,1313.947826,695059.9,1328.3,13.84
Other  Rabi pulses,2020,Rabi       ,Uttarakhand,32.0,21.0,1313.947826,6195.52,11.84,0.66
Other Cereals,2020,Kharif     ,Uttarakhand,623.0,350.0,1313.947826,120619.03,230.51,0.56
Other Cereals,2020,Rabi       ,Uttarakhand,411.0,333.0,1313.947826,79573.71,152.07,0.81
Other Kharif pulses,2020,Kharif     ,Uttarakhand,14208.0,15379.0,1313.947826,2750810.88,5256.96,1.08
Peas & beans (Pulses),2020,Rabi       ,Uttarakhand,4919.0,4135.0,1313.947826,952367.59,1820.03,0.84
Potato,2020,Kharif     ,Uttarakhand,6020.0,51902.0,1313.947826,1165532.2,2227.4,8.62
Potato,2020,Rabi       ,Uttarakhand,5427.0,62736.0,1313.947826,1050721.47,2007.99,11.56
Ragi,2020,Kharif     ,Uttarakhand,85427.0,125898.0,1313.947826,16539521.47,31607.99,1.47
Rapeseed &Mustard,2020,Rabi       ,Uttarakhand,13150.0,11853.0,1313.947826,2545971.5,4865.5,0.9
Rice,2020,Kharif     ,Uttarakhand,241936.0,669372.0,1313.947826,46841228.96,89516.32,2.77
Rice,2020,Summer     ,Uttarakhand,15315.0,55057.0,1313.947826,2965137.15,5666.55,3.59
Sesamum,2020,Kharif     ,Uttarakhand,2017.0,537.0,1313.947826,390511.37,746.29,0.27
Small millets,2020,Kharif     ,Uttarakhand,44769.0,65289.0,1313.947826,8667726.09,16564.53,1.46
Soyabean,2020,Kharif     ,Uttarakhand,7246.0,8800.0,1313.947826,1402898.06,2681.02,1.21
Sugarcane,2020,Whole Year ,Uttarakhand,90184.0,7970299.0,1313.947826,17460524.24,33368.08,88.38
Sunflower,2020,Kharif     ,Uttarakhand,3.0,2.0,1313.947826,580.83,1.11,0.67
Sunflower,2020,Summer     ,Uttarakhand,3.0,2.0,1313.947826,580.83,1.11,0.67
Tobacco,2020,Whole Year ,Uttarakhand,3.0,6.0,1313.947826,580.83,1.11,2.0
Turmeric,2020,Whole Year ,Uttarakhand,1299.0,4186.0,1313.947826,251499.39,480.63,3.22
Urad,2020,Kharif     ,Uttarakhand,12398.0,13282.0,1313.947826,2400376.78,4587.26,1.07
Urad,2020,Summer     ,Uttarakhand,58.0,69.0,1313.947826,11229.38,21.46,1.19
Wheat,2020,Rabi       ,Uttarakhand,297189.0,937003.0,1313.947826,57538762.29,109959.93,3.15
other oilseeds,2020,Kharif     ,Uttarakhand,13.0,9.0,1313.947826,2516.93,4.81,0.69
other oilseeds,2020,Rabi       ,Uttarakhand,30.0,21.0,1313.947826,5808.3,11.1,0.7
Rice,2021,Kharif,Uttarakhand,221300.0,647200.0,1533.2,148600000.0,150000.0,2.92
Wheat,2021,Rabi,Uttarakhand,341200.0,808300.0,1533.2,148600000.0,150000.0,2.37
Maize,2021,Kharif,Uttarakhand,18200.0,33500.0,1533.2,148600000.0,150000.0,1.84
Gram,2021,Rabi,Uttarakhand,600.0,500.0,1533.2,148600000.0,150000.0,0.83
Arhar/Tur,2021,Kharif,Uttarakhand,1100.0,700.0,1533.2,148600000.0,150000.0,0.64
Sugarcane,2021,Whole Year,Uttarakhand,84400.0,6160000.0,1533.2,148600000.0,150000.0,72.99
Oilseeds,2021,Rabi,Uttarakhand,23079.0,22157.0,1533.2,148600000.0,150000.0,0.96
Rice,2022,Kharif,Uttarakhand,216700.0,641500.0,1207.9,152300000.0,155000.0,2.96
Wheat,2022,Rabi,Uttarakhand,341000.0,821600.0,1207.9,152300000.0,155000.0,2.41
Maize,2022,Kharif,Uttarakhand,18000.0,35100.0,1207.9,152300000.0,155000.0,1.95
Gram,2022,Rabi,Uttarakhand,600.0,500.0,1207.9,152300000.0,155000.0,0.83
Arhar/Tur,2022,Kharif,Uttarakhand,900.0,700.0,1207.9,152300000.0,155000.0,0.78
Sugarcane,2022,Whole Year,Uttarakhand,86600.0,6512300.0,1207.9,152300000.0,155000.0,75.2
Oilseeds,2022,Rabi,Uttarakhand,26510.0,25789.0,1207.9,152300000.0,155000.0,0.97
Rice,2023,Kharif,Uttarakhand,212195.6168097605,635850.2008652657,1237.4935500000001,156031350.0,158797.5,3.0
Wheat,2023,Rabi,Uttarakhand,340800.11723329424,835118.8420141037,1237.4935500000001,156031350.0,158797.5,2.45
Maize,2023,Kharif,Uttarakhand,17802.197802197803,36776.417910447766,1237.4935500000001,156031350.0,158797.5,2.07
Gram,2023,Rabi,Uttarakhand,600.0,500.0,1237.4935500000001,156031350.0,158797.5,0.83
Arhar/Tur,2023,Kharif,Uttarakhand,736.3636363636363,700.0,1237.4935500000001,156031350.0,158797.5,0.95
Sugarcane,2023,Whole Year,Uttarakhand,88857.34597156398,6884748.586038962,1237.4935500000001,156031350.0,158797.5,77.48
Oilseeds,2023,Rabi,Uttarakhand,30451.06373759695,30016.361465902424,1237.4935500000001,156031350.0,158797.5,0.99
